"Peptide","z","GeneSymbol","Trigger","Target","MS2 RT","Trigger Intensity","MS2 Scan#","MS2 IT","MS3 Scan#","MS3 IT","Trigger Peaks","Target Peaks","# SPS","Quant 1","Quant 2","Quant 3","Quant 4","Quant 5","Quant 6","Quant 7","Quant 8","Quant 9","Quant 10","Quant 11","Quant 12","Quant 13","Quant 14","Quant 15","Quant 16","Quant 17","Quant 18","Sum SN","Iso Spec","FAIMS_CV","exp.x","target_trigger_ratio","tomahto_detection_count","Protein","Peptide Modified Sequence","Precursor Mz","Total Area MS1","Peptide Sequence","Best Retention Time","Retention Time","Start Time","End Time","Transition Result Is MS1","File Name","Total Area","exp.y","Sum_Raw_Intensities","scan_count"
"AETQAEPPSVGP",2,"PB.12098.1|COG8",748.401,743.889,110.02,2170119.75,28309,160.6,28314,4252.8,9,6,1,3.2,0,0,0,0,0,9.1,0,312.5,0,6.8,0,0,0,0,2.1,0,0,333.65,0.814659537528686,0,"tom_result_1",0.666666666666667,8,"peptides1","A[+304.2]ETQAEPPSVGP",743.889065,"0","AETQAEPPSVGP","109.78",109.78,"109.69","109.87",TRUE,"231116_AC11_230914unfract_TMTproWTC11shTMTproAS192_1ug_Tomahto_3.raw","0","tom_tmt_3",182146281,28143
"AETQAEPPSVGP",2,"PB.12098.1|COG8",748.401,743.889,109.99,1446178.625,25161,137.5,25166,4998,10,4,1,0,0,0,0,0,0,12.7,0,299.8,0,5.5,0,0,0,0,0,0,0,317.97,1,0,"tom_result_2",0.4,8,"peptides1","A[+304.2]ETQAEPPSVGP",743.889065,"557248","AETQAEPPSVGP","110.84",110.89,"110.8","110.98",TRUE,"231116_AC11_230914unfract_TMTproWTC11shTMTproAS192_1ug_Tomahto_2.raw","557248","tom_tmt_2",174342454,27793
"AETQAEPPSVGP",2,"PB.12098.1|COG8",748.401,743.889,109.8,1770375.5,24683,900,24689,4998,7,6,2,3.2,0,0,0,0,0,15.5,2.8,481.6,0,13.6,0,0,0,0,0,0,3.1,519.89,0.768354671250374,0,"tom_result_3",0.857142857142857,8,"peptides1","A[+304.2]ETQAEPPSVGP",743.889065,"557248","AETQAEPPSVGP","110.84",110.89,"110.8","110.98",TRUE,"231116_AC11_230914unfract_TMTproWTC11shTMTproAS192_1ug_Tomahto_2.raw","557248","tom_tmt_2",174342454,27793
"AIEENNNFSK",2,"PB.276.1|STMN1",896.5088,887.4849,122.49,662231.4375,29062,295.5,29066,2613.7,16,16,10,0,0,0,0,0,0,18.7,0,520.9,0,8.2,0,0,0,0,0,0,0,547.73,0.819036774911723,0,"tom_result_2",1,9,"peptides1","A[+304.2]IEENNNFSK[+304.2]",887.484979,"0","AIEENNNFSK","188.72",188.72,"188.65","188.78",TRUE,"231116_AC11_230914unfract_TMTproWTC11shTMTproAS192_1ug_Tomahto_3.raw","0","tom_tmt_3",592718843,28143
"AIEENNNFSK",3,"PB.276.1|STMN1",598.0083,591.9924,122.29,2470458,29029,43.4,29035,1313.6,15,20,8,0,0,0,0,1.9,0,225.5,0,6868.6,13.4,192.8,0,0,0,0,5.6,0,3.1,7310.88,0.685292632274047,0,"tom_result_2",1.33333333333333,9,"peptides1","A[+304.2]IEENNNFSK[+304.2]",591.992412,"5244881","AIEENNNFSK","188.72",188.72,"188.65","188.78",TRUE,"231116_AC11_230914unfract_TMTproWTC11shTMTproAS192_1ug_Tomahto_3.raw","5244881","tom_tmt_3",748020961,28143
"AIEQADLLQEK",3,"PB.15564.9|AP1S2",628.715,622.6991,165.03,247872.03125,48070,151.7,48074,4998,8,4,1,0,0,0,0,0,0,6.1,0,168.2,0,8.3,0,0,0,0,0,0,9.6,192.11,0.79517773020857,0,"tom_result_1",0.5,13,"peptides1","A[+304.2]IEQADLLQEK[+304.2]",622.699117,"408185","AIEQADLLQEK","247.26",247.31,"247.21","247.4",TRUE,"231116_AC11_230914unfract_TMTproWTC11shTMTproAS192_1ug_Tomahto_3.raw","492850","tom_tmt_3",802349235,28143
"AIEQADLLQEK",3,"PB.15564.9|AP1S2",628.715,622.6991,172.38,397403.65625,46441,550.1,46445,4998,10,6,1,0,0,0,0,0,0,10,0,304.5,0,15.2,0,0,0,0,0,0,0,329.69,0.913501962606536,0,"tom_result_2",0.6,13,"peptides1","A[+304.2]IEQADLLQEK[+304.2]",622.699117,"408185","AIEQADLLQEK","247.26",247.31,"247.21","247.4",TRUE,"231116_AC11_230914unfract_TMTproWTC11shTMTproAS192_1ug_Tomahto_3.raw","492850","tom_tmt_3",802349235,28143
"AIEQADLLQEK",3,"PB.15564.9|AP1S2",628.715,622.6991,175.14,327355.6875,47468,175.5,47475,4998,8,6,2,0,0,0,0,0,0,6.2,0,226.3,0,8,0,0,0,0,0,0,6.3,246.81,0.736773813367127,0,"tom_result_3",0.75,13,"peptides1","A[+304.2]IEQADLLQEK[+304.2]",622.699117,"408185","AIEQADLLQEK","247.26",247.31,"247.21","247.4",TRUE,"231116_AC11_230914unfract_TMTproWTC11shTMTproAS192_1ug_Tomahto_3.raw","492850","tom_tmt_3",802349235,28143
"APAALTPPEPPSAEP",2,"PB.131.3|FBXO44",879.4851,874.9731,157.19,973619.125,45682,729.6,45690,4998,10,6,1,0,0,0,0,0,0,2.3,0,37.6,0,0,0,0,0,0,0,0,0,39.91,1,0,"tom_result_1",0.6,16,"peptides1","A[+304.2]PAALTPPEPPSAEP",874.973129,"1107245","APAALTPPEPPSAEP","166.39",166.36,"166.32","166.42",TRUE,"231116_AC11_230914unfract_TMTproWTC11shTMTproAS192_1ug_Tomahto_3.raw","1109068","tom_tmt_3",97734465,28143
"APAALTPPEPPSAEP",2,"PB.131.3|FBXO44",879.4851,874.9731,156.95,856232.0625,41520,832.8,41526,4998,9,6,2,0,0,0,0,0,0,0,0,48.1,0,0,0,0,0,0,0,0,0,48.11,1,0,"tom_result_2",0.666666666666667,16,"peptides1","A[+304.2]PAALTPPEPPSAEP",874.973129,"0","APAALTPPEPPSAEP","156.67",156.67,"156.65","156.69",TRUE,"231116_AC11_230914unfract_TMTproWTC11shTMTproAS192_1ug_Tomahto_2.raw","0","tom_tmt_2",93398677,27793
"APAALTPPEPPSAEP",2,"PB.131.3|FBXO44",879.4851,874.9731,157.21,348044.25,41452,747.6,41465,4998,9,5,1,0,0,0,0,0,0,0,0,17.5,0,0,0,0,0,0,0,0,0,17.52,1,0,"tom_result_3",0.555555555555556,16,"peptides1","A[+304.2]PAALTPPEPPSAEP",874.973129,"1107245","APAALTPPEPPSAEP","166.39",166.36,"166.32","166.42",TRUE,"231116_AC11_230914unfract_TMTproWTC11shTMTproAS192_1ug_Tomahto_3.raw","1109068","tom_tmt_3",97734465,28143
"DPADETEAD",2,"PB.276.1|STMN1",638.2984,633.7865,75.1,15768230,15139,234.2,15144,750,12,14,6,0,0,0,0,0,0,13.4,0,346.4,0,6.4,0,0,0,0,0,0,0,366.17,0.75928953439702,0,"tom_result_1",1.16666666666667,11,"peptides1","D[+304.2]PADETEAD",633.786474,"3226201","DPADETEAD","75.16",75.16,"75.07","75.16",TRUE,"231116_AC11_230914unfract_TMTproWTC11shTMTproAS192_1ug_Tomahto_3.raw","3236745","tom_tmt_3",158937464,28143
"DPADETEAD",2,"PB.276.1|STMN1",638.2984,633.7865,74.66,2345182.5,13956,714.4,13962,3044.1,13,9,3,0,0,0,0,0,0,3.3,0,131.7,0,3.8,0,0,0,0,0,0,0,138.83,0.744306839988435,0,"tom_result_2",0.692307692307692,11,"peptides1","D[+304.2]PADETEAD",633.786474,"3226201","DPADETEAD","75.16",75.16,"75.07","75.16",TRUE,"231116_AC11_230914unfract_TMTproWTC11shTMTproAS192_1ug_Tomahto_3.raw","3236745","tom_tmt_3",158937464,28143
"DPADETEAD",2,"PB.276.1|STMN1",638.2984,633.7865,74.65,11225496,13940,292.1,13946,757.5,14,15,6,2.1,0,0,0,0,0,10.2,0,302.6,0,8.4,0,0,0,0,0,0,0,323.35,0.773179942295721,0,"tom_result_3",1.07142857142857,11,"peptides1","D[+304.2]PADETEAD",633.786474,"0","DPADETEAD","249.22",249.22,"249.14","249.3",TRUE,"231116_AC11_230914unfract_TMTproWTC11shTMTproAS192_1ug_Tomahto_2.raw","0","tom_tmt_2",135646703,27793
"DSYDSYATHNE",3,"PB.13447.9|CIRBP",538.9124,535.9044,92.23,640159.25,21061,69.9,21071,4998,16,11,1,0,0,0,0,0,0,6.3,0,193.4,0,7.6,0,0,0,0,0,0,5.2,212.42,0.696723826425088,0,"tom_result_1",0.6875,2,"peptides1","D[+304.2]SYDSYATHNE",535.904454,"343264","DSYDSYATHNE","214.81",214.83,"214.73","215.13",TRUE,"231116_AC11_230914unfract_TMTproWTC11shTMTproAS192_1ug_Tomahto_3.raw","352488","tom_tmt_3",41363173,28143
"DYTGCSTSESLSPVK",3,"PB.1192.1|MPZL1",753.0677,747.0517,136.73,236652.359375,38596,196,38607,4917.9,6,4,2,0,1.8,0,0,0,0,17.7,0,436.1,0,16.7,0,0,0,0,0,0,2.2,474.55,0.688508702196107,0,"tom_result_1",0.666666666666667,5,"peptides1","D[+304.2]YTGC[+57]STSESLSPVK[+304.2]",747.051778,"4158395","DYTGCSTSESLSPVK","216.33",216.3,"216.25","216.34",TRUE,"231116_AC11_230914unfract_TMTproWTC11shTMTproAS192_1ug_Tomahto_3.raw","4178351","tom_tmt_3",118674235,28143
"DYTGCSTSESLSPVK",3,"PB.1192.1|MPZL1",753.0677,747.0517,136.76,117744.359375,34408,284.4,34419,4998,6,4,2,0,0,0,0,0,0,5.3,0,114.6,0,2.6,0,0,0,0,0,0,0,122.48,1,0,"tom_result_2",0.666666666666667,5,"peptides1","D[+304.2]YTGC[+57]STSESLSPVK[+304.2]",747.051778,"0","DYTGCSTSESLSPVK","148.01",147.98,"147.95","148.01",TRUE,"231116_AC11_230914unfract_TMTproWTC11shTMTproAS192_1ug_Tomahto_2.raw","3820","tom_tmt_2",103746039,27793
"EGVIEAGAFQGGQR",2,"PB.4182.2|ARFIP1",866.4703,861.9583,133.08,278202,37321,900,37335,4998,11,15,5,0,0,0,0,0,0,4.4,0,136.5,0,0,0,0,0,0,0,0,7.2,148.19,0.915040488079012,0,"tom_result_1",1.36363636363636,3,"peptides1","E[+304.2]GVIEAGAFQGGQR",861.958344,"0","EGVIEAGAFQGGQR","147.41",147.41,"147.39","147.42",TRUE,"231116_AC11_230914unfract_TMTproWTC11shTMTproAS192_1ug_Tomahto_2.raw","0","tom_tmt_2",1042100564,27793
"EGVIEAGAFQGGQR",3,"PB.4182.2|ARFIP1",577.9826,574.9746,132.98,707659.375,37310,49.8,37315,4985.5,9,18,2,0,0,0,0,0,0,11.6,0,249.4,0,8,0,0,0,0,0,0,5.5,274.43,0.841758959654886,0,"tom_result_1",2,6,"peptides1","E[+304.2]GVIEAGAFQGGQR",574.974655,"513236","EGVIEAGAFQGGQR","147.41",147.4,"147.39","147.42",TRUE,"231116_AC11_230914unfract_TMTproWTC11shTMTproAS192_1ug_Tomahto_2.raw","516324","tom_tmt_2",2676809187,27793
"EGVIEAGAFQGGQR",3,"PB.4182.2|ARFIP1",577.9826,574.9746,132.12,136545.421875,32700,150.7,32714,4998,6,10,1,0,0,0,0,0,0,0,0,19.4,0,0,0,0,0,0,0,0,3.2,22.64,0.660047416904455,0,"tom_result_2",1.66666666666667,6,"peptides1","E[+304.2]GVIEAGAFQGGQR",574.974655,"3702340096","EGVIEAGAFQGGQR","112.25",112.25,"111.6","113.07",TRUE,"231116_AC11_230914unfract_TMTproWTC11shTMTproAS192_1ug_Tomahto_3.raw","3702966016","tom_tmt_3",2941109620,28143
"HTPGDQDCDELGR",3,"PB.12095.3|CHTF8",604.9545,601.9465,74.65,297826.59375,15084,900,15089,4998,7,22,2,0,0,0,0,0,0,7.7,0,136.8,0,2.7,0,0,0,0,0,0,4.6,151.79,0.668197060812306,0,"tom_result_1",3.14285714285714,4,"peptides1","H[+304.2]TPGDQDC[+57]DELGR",601.946548,"86948","HTPGDQDCDELGR","197.69",197.69,"197.44","197.83",TRUE,"231116_AC11_230914unfract_TMTproWTC11shTMTproAS192_1ug_Tomahto_3.raw","86948","tom_tmt_3",30601905,28143
"HTPGDQDCDELGR",3,"PB.12095.3|CHTF8",604.9545,601.9465,73.28,135708.53125,13688,852.4,13693,4998,11,10,3,0,0,0,0,0,0,4.2,0,122.5,0,4.4,0,0,0,0,0,0,5.1,136.24,0.72439275598965,0,"tom_result_3",0.909090909090909,4,"peptides1","H[+304.2]TPGDQDC[+57]DELGR",601.946548,"86948","HTPGDQDCDELGR","197.69",197.69,"197.44","197.83",TRUE,"231116_AC11_230914unfract_TMTproWTC11shTMTproAS192_1ug_Tomahto_3.raw","86948","tom_tmt_3",30601905,28143
"LAQQGSDLIVPAGGQR",3,"PB.4182.4|ARFIP1",641.7037,638.6958,153.57,153752.40625,40491,253.1,40499,4998,7,11,1,0,0,0,0,0,0,7.2,0,150.2,0,4.4,0,0,0,0,0,0,3.6,165.52,0.658064756219425,0,"tom_result_2",1.57142857142857,11,"peptides1","L[+304.2]AQQGSDLIVPAGGQR",638.695781,"19363292","LAQQGSDLIVPAGGQR","182.81",182.81,"182.74","182.82",TRUE,"231116_AC11_230914unfract_TMTproWTC11shTMTproAS192_1ug_Tomahto_2.raw","19390108","tom_tmt_2",529631570,27793
"LEPAGPACPEGGR",2,"PB.12098.1|COG8",812.427,807.9151,101.51,1342714.5,24948,900,24955,4998,9,6,1,0,0,0,0,0,0,2.1,0,61.6,0,0,0,0,0,0,0,0,0,63.66,1,0,"tom_result_1",0.666666666666667,2,"peptides1","L[+304.2]EPAGPAC[+57]PEGGR",807.915091,"4672552","LEPAGPACPEGGR","133.28",133.27,"133.24","133.31",TRUE,"231116_AC11_230914unfract_TMTproWTC11shTMTproAS192_1ug_Tomahto_3.raw","4672552","tom_tmt_3",187361280,28143
"LFGSAANVVSAK",3,"PB.15520.5|ZBED1",597.3728,591.3569,186.4,59113.8125,54922,344.3,54927,4998,6,6,2,0,0,0,0,0,0,0,0,38.4,0,2.1,0,0,0,0,0,0,9.6,50.15,0.68745674965448,0,"tom_result_1",1,2,"peptides1","L[+304.2]FGSAANVVSAK[+304.2]",591.356914,"0","LFGSAANVVSAK","191.28",191.31,"191.28","191.35",TRUE,"231116_AC11_230914unfract_TMTproWTC11shTMTproAS192_1ug_Tomahto_2.raw","7882","tom_tmt_2",2704065500,27793
"LTNSAEVAK",2,"PB.7962.2|HSPA14",779.987,770.9631,116.74,47537720,30778,900,30784,1890.7,14,14,10,0,0,0,0,0,0,18.4,0,513.7,0,17.2,0,0,0,0,0,0,3.4,552.86,0.756980061795405,0,"tom_result_1",1,8,"peptides1","L[+304.2]TNSAEVAK[+304.2]",770.963151,"0","LTNSAEVAK","118.15",118.14,"118.14","118.15",FALSE,"231116_AC11_230914unfract_TMTproWTC11shTMTproAS192_1ug_Tomahto_2.raw","19","tom_tmt_2",0,191
"LTNSAEVAK",2,"PB.7962.2|HSPA14",779.987,770.9631,116.55,9705170,27303,839.2,27309,4998,13,8,2,0,0,0,0,0,0,2.6,0,57.5,0,1.9,0,0,0,0,0,0,0,61.94,0.808178677409627,0,"tom_result_2",0.615384615384615,8,"peptides1","L[+304.2]TNSAEVAK[+304.2]",770.963151,"73621656","LTNSAEVAK","123.52",123.52,"123.16","123.54",TRUE,"231116_AC11_230914unfract_TMTproWTC11shTMTproAS192_1ug_Tomahto_3.raw","73629824","tom_tmt_3",845859690,28143
"LTNSAEVAK",3,"PB.7962.2|HSPA14",520.3271,514.3112,116.73,63628428,30777,58.5,30783,193.5,13,11,3,0,0,0,0,0,0,9.6,0,305.9,0,12.9,0,0,0,0,0,0,15.2,343.59,0.682467673952377,0,"tom_result_1",0.846153846153846,9,"peptides1","L[+304.2]TNSAEVAK[+304.2]",514.311193,"34397536","LTNSAEVAK","123.54",123.54,"123.16","123.54",TRUE,"231116_AC11_230914unfract_TMTproWTC11shTMTproAS192_1ug_Tomahto_3.raw","34592668","tom_tmt_3",2046684761,28143
"LTNSAEVAK",3,"PB.7962.2|HSPA14",520.3271,514.3112,116.3,29441592,27270,83.7,27278,456.2,13,11,3,0,0,0,0,0,0,6.7,0,320.4,0,9.6,0,0,0,0,0,0,16.1,352.79,0.676900454408381,0,"tom_result_2",0.846153846153846,9,"peptides1","L[+304.2]TNSAEVAK[+304.2]",514.311193,"34397536","LTNSAEVAK","123.54",123.54,"123.16","123.54",TRUE,"231116_AC11_230914unfract_TMTproWTC11shTMTproAS192_1ug_Tomahto_3.raw","34592668","tom_tmt_3",2046684761,28143
"LTNSAEVAK",3,"PB.7962.2|HSPA14",520.3271,514.3112,115.37,31529544,26320,130.1,26325,280.3,12,11,3,0,0,0,0,0,0,7.2,0,304.2,0,13,0,0,0,0,0,0,6.6,330.97,0.662716752502561,0,"tom_result_3",0.916666666666667,9,"peptides1","L[+304.2]TNSAEVAK[+304.2]",514.311193,"196031","LTNSAEVAK","118.14",118.14,"118.14","118.15",TRUE,"231116_AC11_230914unfract_TMTproWTC11shTMTproAS192_1ug_Tomahto_2.raw","196978","tom_tmt_2",1789572644,27793
"NAELCEIPPTSDTK",3,"PB.2278.2|UBXN4",734.4044,728.3885,135.74,346788.15625,38244,43.9,38252,4633.9,7,4,1,0,0,0,0,0,0,13.1,0,305.4,0,5.8,0,0,0,0,0,0,0,324.26,1,0,"tom_result_1",0.571428571428571,14,"peptides1","N[+304.2]AELC[+57]EIPPTSDTK[+304.2]",728.388502,"2898619","NAELCEIPPTSDTK","230.63",230.63,"230.35","230.65",TRUE,"231116_AC11_230914unfract_TMTproWTC11shTMTproAS192_1ug_Tomahto_3.raw","2975462","tom_tmt_3",1501117410,28143
"NAELCEIPPTSDTK",3,"PB.2278.2|UBXN4",734.4044,728.3885,142.98,157921.484375,36665,395.7,36670,4998,6,5,2,0,0,0,0,0,0,4.6,0,157.6,0,5.8,0,0,0,0,0,0,0,167.99,0.734121026563144,0,"tom_result_2",0.833333333333333,14,"peptides1","N[+304.2]AELC[+57]EIPPTSDTK[+304.2]",728.388502,"4386579","NAELCEIPPTSDTK","160.82",160.88,"160.81","161.13",TRUE,"231116_AC11_230914unfract_TMTproWTC11shTMTproAS192_1ug_Tomahto_2.raw","4438543","tom_tmt_2",1224622372,27793
"NAELCEIPPTSDTK",3,"PB.2278.2|UBXN4",734.4044,728.3885,148.75,200304.53125,38492,233,38497,4998,6,4,2,0,0,0,0,0,0,3.9,0,154.5,0,5.5,0,0,0,0,0,0,0,163.92,0.826969210185223,0,"tom_result_3",0.666666666666667,14,"peptides1","N[+304.2]AELC[+57]EIPPTSDTK[+304.2]",728.388502,"2898619","NAELCEIPPTSDTK","230.63",230.5,"230.35","230.65",FALSE,"231116_AC11_230914unfract_TMTproWTC11shTMTproAS192_1ug_Tomahto_3.raw","2975462","tom_tmt_3",0,49
"NASSEEIQR",2,"PB.8894.4|NXF1",673.8646,669.3526,61.83,41713988,11825,291.6,11830,1038.3,12,12,5,4.7,0,0,0,0,0,13.6,0,351.2,0,6.3,0,0,0,0,0,0,0,375.77,0.837522124891436,0,"tom_result_1",1,11,"peptides1","N[+304.2]ASSEEIQR",669.352649,"3180643","NASSEEIQR","63.16",63.27,"63.15","63.35",TRUE,"231116_AC11_230914unfract_TMTproWTC11shTMTproAS192_1ug_Tomahto_3.raw","3180643","tom_tmt_3",819749313,28143
"NASSEEIQR",2,"PB.8894.4|NXF1",673.8646,669.3526,61.26,14426537,11203,900,11207,3094.6,12,11,4,3.8,0,0,0,0,0,12.5,0,348.6,0,8.6,0,0,0,0,0,0,0,373.47,0.803555007702263,0,"tom_result_2",0.916666666666667,11,"peptides1","N[+304.2]ASSEEIQR",669.352649,"2365152","NASSEEIQR","94.89",94.92,"94.84","95.13",TRUE,"231116_AC11_230914unfract_TMTproWTC11shTMTproAS192_1ug_Tomahto_2.raw","2369613","tom_tmt_2",720418112,27793
"NASSEEIQR",2,"PB.8894.4|NXF1",673.8646,669.3526,60.93,19853338,11134,348.2,11138,4154.4,12,11,4,6.1,0,0,0,0,0,15.1,0,410.2,0,6.7,0,0,0,0,0,0,0,438.17,0.888263977355603,0,"tom_result_3",0.916666666666667,11,"peptides1","N[+304.2]ASSEEIQR",669.352649,"3180643","NASSEEIQR","63.16",63.27,"63.15","63.35",TRUE,"231116_AC11_230914unfract_TMTproWTC11shTMTproAS192_1ug_Tomahto_3.raw","3180643","tom_tmt_3",819749313,28143
"NSGQGCIGG",2,"PB.8377.2|FBXL15",581.7951,577.2832,64.23,37904180,11818,259.1,11824,4998,10,5,1,0,0,0,0,0,0,0,0,13.2,0,0,0,0,0,0,0,0,2.8,16.05,0.725862776574659,0,"tom_result_2",0.5,4,"peptides1","N[+304.2]SGQGC[+57]IGG",577.283181,"448512","NSGQGCIGG","111.56",111.56,"111.34","111.67",TRUE,"231116_AC11_230914unfract_TMTproWTC11shTMTproAS192_1ug_Tomahto_2.raw","466926","tom_tmt_2",1215371102,27793
"NSGQGCIGG",2,"PB.8377.2|FBXL15",581.7951,577.2832,63.59,31172982,11699,84.9,11704,4998,9,4,1,0,0,0,0,0,0,0,0,12.3,0,0,0,0,0,0,0,0,0,12.3,1,0,"tom_result_3",0.444444444444444,4,"peptides1","N[+304.2]SGQGC[+57]IGG",577.283181,"448512","NSGQGCIGG","111.56",111.56,"111.34","111.67",TRUE,"231116_AC11_230914unfract_TMTproWTC11shTMTproAS192_1ug_Tomahto_2.raw","466926","tom_tmt_2",1215371102,27793
"QPEVPALEASAPLGK",3,"PB.4961.3|KIAA1191",711.7643,705.7483,178.82,875670.4375,48698,182.3,48702,335.4,11,5,1,0,0,0,0,0,0,13.4,0,437,1.9,22,0,0,0,0,0,0,22.9,497.22,1,0,"tom_result_2",0.454545454545455,2,"peptides1","Q[+304.2]PEVPALEASAPLGK[+304.2]",705.748359,"2059515","QPEVPALEASAPLGK","179.21",179.12,"178.95","179.25",TRUE,"231116_AC11_230914unfract_TMTproWTC11shTMTproAS192_1ug_Tomahto_2.raw","2093217","tom_tmt_2",876839776,27793
"QQAADLISR",2,"PB.2461.2|SF3B1",657.8879,653.3759,107.6,1530389.625,24312,78.3,24319,851.5,6,9,2,0,0,0,0,0,0,12.5,0,474.1,0,12.1,0,0,0,0,0,0,0,498.64,0.792672400414807,0,"tom_result_2",1.5,8,"peptides1","Q[+304.2]QAADLISR",653.375927,"940360","QQAADLISR","119.45",119.86,"119.44","119.92",TRUE,"231116_AC11_230914unfract_TMTproWTC11shTMTproAS192_1ug_Tomahto_3.raw","940360","tom_tmt_3",2848071361,28143
"QQAADLISR",2,"PB.2461.2|SF3B1",657.8879,653.3759,106.64,797896.125,23717,136.2,23723,849.3,6,13,3,0,0,0,0,0,0,12.9,0,580,0,14.7,0,0,0,0,0,0,0,607.53,0.789677209962714,0,"tom_result_3",2.16666666666667,8,"peptides1","Q[+304.2]QAADLISR",653.375927,"11639466","QQAADLISR","141.1",141.07,"141.02","141.27",TRUE,"231116_AC11_230914unfract_TMTproWTC11shTMTproAS192_1ug_Tomahto_2.raw","11639466","tom_tmt_2",2866025174,27793
"QQAADLISR",3,"PB.2461.2|SF3B1",438.9277,435.9197,106.73,55441.3984375,23748,303.8,23752,4998,12,12,3,0,0,0,0,0,0,6,0,259.2,2.3,10,0,0,0,0,0,0,3.6,281.08,0.80375228992704,0,"tom_result_3",1,1,"peptides1","Q[+304.2]QAADLISR",435.91971,"7712493","QQAADLISR","141.07",141.03,"141.02","141.27",TRUE,"231116_AC11_230914unfract_TMTproWTC11shTMTproAS192_1ug_Tomahto_2.raw","7712493","tom_tmt_2",72608123,27793
"SDLYSSCDR",2,"PB.715.13|RBMXL1",708.3426,703.8307,88.03,56430948,19355,126.2,19362,1497.2,10,9,3,5.4,0,0,0,0,0,8.6,0,309.4,0,7.4,0,0,0,0,0,0,0,330.75,0.753537197442428,0,"tom_result_1",0.9,7,"peptides1","S[+304.2]DLYSSC[+57]DR",703.830693,"343010","SDLYSSCDR","125.6",125.6,"125.56","125.64",TRUE,"231116_AC11_230914unfract_TMTproWTC11shTMTproAS192_1ug_Tomahto_3.raw","343010","tom_tmt_3",146215405,28143
"SDLYSSCDR",2,"PB.715.13|RBMXL1",708.3426,703.8307,87.3,22161202,17274,785.1,17280,4998,11,10,5,0,0,0,0,0,0,4.8,0,130,0,4.3,0,0,0,0,0,0,0,139.07,0.674439811543683,0,"tom_result_3",0.909090909090909,7,"peptides1","S[+304.2]DLYSSC[+57]DR",703.830693,"343010","SDLYSSCDR","125.6",125.6,"125.56","125.64",TRUE,"231116_AC11_230914unfract_TMTproWTC11shTMTproAS192_1ug_Tomahto_3.raw","343010","tom_tmt_3",146215405,28143
"SGPFAPVLSATSR",3,"PB.13918.1|UQCRFS1",534.9768,531.9688,162.25,120511.4375,47359,181,47363,4998,8,12,1,0,0,0,0,0,0,7.9,0,383.8,0,10.8,0,0,0,0,0,0,2.8,405.35,1,0,"tom_result_1",1.5,7,"peptides1","S[+304.2]GPFAPVLSATSR",531.968841,"2201161","SGPFAPVLSATSR","77.7",77.76,"77.61","77.92",TRUE,"231116_AC11_230914unfract_TMTproWTC11shTMTproAS192_1ug_Tomahto_2.raw","2213769","tom_tmt_2",581422060,27793
"SGPFAPVLSATSR",3,"PB.13918.1|UQCRFS1",534.9768,531.9688,172.58,86956.203125,46486,480.4,46491,4998,6,11,2,0,0,0,0,0,0,6.9,0,320.3,0,12,0,0,0,0,0,0,5.6,344.77,0.70115565066651,0,"tom_result_2",1.83333333333333,7,"peptides1","S[+304.2]GPFAPVLSATSR",531.968841,"2201161","SGPFAPVLSATSR","77.7",77.76,"77.61","77.92",TRUE,"231116_AC11_230914unfract_TMTproWTC11shTMTproAS192_1ug_Tomahto_2.raw","2213769","tom_tmt_2",581422060,27793
"SGPFAPVLSATSR",3,"PB.13918.1|UQCRFS1",534.9768,531.9688,178.02,82769.703125,48353,344.2,48358,4998,9,10,2,0,0,0,0,0,0,8,0,258.4,0,5.1,0,0,0,0,0,0,7.9,279.4,0.718363129131869,0,"tom_result_3",1.11111111111111,7,"peptides1","S[+304.2]GPFAPVLSATSR",531.968841,"2201161","SGPFAPVLSATSR","77.7",77.76,"77.61","77.92",TRUE,"231116_AC11_230914unfract_TMTproWTC11shTMTproAS192_1ug_Tomahto_2.raw","2213769","tom_tmt_2",581422060,27793
"SVLEEIGLT",2,"PB.15564.1|AP1S2",637.3815,632.8696,222.22,122100.578125,61261,421.9,61266,1101,7,9,4,0,0,0,0,0,0,12.8,0,345,0,5.7,0,0,0,0,2.2,0,16.4,382.01,0.766749348360477,0,"tom_result_2",1.28571428571429,6,"peptides1","S[+304.2]VLEEIGLT",632.869612,"4553792","SVLEEIGLT","247.11",247.21,"247.1","247.32",TRUE,"231116_AC11_230914unfract_TMTproWTC11shTMTproAS192_1ug_Tomahto_3.raw","4553792","tom_tmt_3",1752663586,28143
"SVLEEIGLT",2,"PB.15564.1|AP1S2",637.3815,632.8696,222.23,265702.125,62178,318.1,62186,1411.5,6,8,6,0,0,0,0,0,0,15,0,482.5,0,9.7,0,0,0,0,4.6,0,14.2,525.98,0.751831419411371,0,"tom_result_3",1.33333333333333,6,"peptides1","S[+304.2]VLEEIGLT",632.869612,"4553792","SVLEEIGLT","247.11",247.21,"247.1","247.32",TRUE,"231116_AC11_230914unfract_TMTproWTC11shTMTproAS192_1ug_Tomahto_3.raw","4553792","tom_tmt_3",1752663586,28143
"TNNCISESSLSFPK",3,"PB.13338.4|C18orf54",737.4045,731.3886,168.66,77197.453125,49175,471.5,49180,4998,6,3,1,0,0,0,0,0,0,2.8,0,73.8,0,0,0,0,0,0,0,0,5.5,82,1,0,"tom_result_1",0.5,4,"peptides1","T[+304.2]NNC[+57]ISESSLSFPK[+304.2]",731.388613,"4883509","TNNCISESSLSFPK","195.45",195.45,"195.45","195.55",TRUE,"231116_AC11_230914unfract_TMTproWTC11shTMTproAS192_1ug_Tomahto_2.raw","4883509","tom_tmt_2",462924829,27793
"TNNCISESSLSFPK",3,"PB.13338.4|C18orf54",737.4045,731.3886,162.7,236627.953125,43201,336,43214,4998,6,4,1,0,0,0,0,0,0,4.4,0,105.2,0,0,0,0,0,0,0,0,3.4,113.1,1,0,"tom_result_2",0.666666666666667,4,"peptides1","T[+304.2]NNC[+57]ISESSLSFPK[+304.2]",731.388613,"4883509","TNNCISESSLSFPK","195.45",195.45,"195.45","195.55",TRUE,"231116_AC11_230914unfract_TMTproWTC11shTMTproAS192_1ug_Tomahto_2.raw","4883509","tom_tmt_2",462924829,27793
"TNNCISESSLSFPK",3,"PB.13338.4|C18orf54",737.4045,731.3886,181.13,135457.234375,49582,380.6,49590,4998,7,3,1,0,0,0,0,0,0,3.1,0,125.4,0,2.7,0,0,0,0,0,0,7.3,138.48,1,0,"tom_result_3",0.428571428571429,4,"peptides1","T[+304.2]NNC[+57]ISESSLSFPK[+304.2]",731.388613,"4883509","TNNCISESSLSFPK","195.45",195.45,"195.45","195.55",TRUE,"231116_AC11_230914unfract_TMTproWTC11shTMTproAS192_1ug_Tomahto_2.raw","4883509","tom_tmt_2",462924829,27793
"VAFGSLAANGPTTLVDK",3,"PB.15458.2|NUP50",763.1223,757.1064,202.89,254227.78125,59208,900,59212,4998,13,13,9,0,0,0,0,0,0,16.9,0,425,0,11,0,0,0,0,0,0,8.7,461.73,0.924417337826217,0,"tom_result_1",1,6,"peptides1","V[+304.2]AFGSLAANGPTTLVDK[+304.2]",757.106435,"591221376","VAFGSLAANGPTTLVDK","224.61",224.61,"224.55","224.7",TRUE,"231116_AC11_230914unfract_TMTproWTC11shTMTproAS192_1ug_Tomahto_2.raw","591221376","tom_tmt_2",2487265188,27793
"VAFGSLAANGPTTLVDK",3,"PB.15458.2|NUP50",763.1223,757.1064,204.53,333466.5,56693,900,56697,4998,18,19,7,0,0,0,0,0,0,19.6,0,448.5,0,13,0,0,0,0,0,0,7.8,489.02,0.773075643136466,0,"tom_result_2",1.05555555555556,6,"peptides1","V[+304.2]AFGSLAANGPTTLVDK[+304.2]",757.106435,"591221376","VAFGSLAANGPTTLVDK","224.61",224.61,"224.55","224.7",TRUE,"231116_AC11_230914unfract_TMTproWTC11shTMTproAS192_1ug_Tomahto_2.raw","591221376","tom_tmt_2",2487265188,27793
"VTNSSITIGPPLP",2,"PB.131.1|FBXO44",804.9794,800.4675,199.62,986046.875,55965,900,55971,4998,12,5,1,0,0,0,0,0,0,0,0,27.4,0,0,0,0,0,0,0,0,0,27.38,1,0,"tom_result_3",0.416666666666667,1,"peptides1","V[+304.2]TNSSITIGPPLP",800.467482,"2265532","VTNSSITIGPPLP","247.44",247.49,"247.39","247.59",TRUE,"231116_AC11_230914unfract_TMTproWTC11shTMTproAS192_1ug_Tomahto_3.raw","2265532","tom_tmt_3",1283710590,28143
"WEDAIPLALK",3,"PB.9965.4|LTA4H",594.7058,588.6899,223,240790.71875,61448,354.3,61452,4998,8,12,6,0,0,0,0,0,0,8.8,0,286.8,0,11.9,0,0,0,0,2.9,0,47.3,357.85,0.734524892805932,0,"tom_result_2",1.5,4,"peptides1","W[+304.2]EDAIPLALK[+304.2]",588.689893,"6341","WEDAIPLALK","225.25",225.25,"225.19","225.34",TRUE,"231116_AC11_230914unfract_TMTproWTC11shTMTproAS192_1ug_Tomahto_2.raw","6341","tom_tmt_2",608612501,27793
"WEDAIPLALK",3,"PB.9965.4|LTA4H",594.7058,588.6899,223.61,56382.734375,62526,263.4,62530,4998,7,11,5,0,0,0,0,0,0,10.7,0,303.3,0,7.2,0,0,0,0,0,0,34.9,356.07,0.734111711310444,0,"tom_result_3",1.57142857142857,4,"peptides1","W[+304.2]EDAIPLALK[+304.2]",588.689893,"6341","WEDAIPLALK","225.25",225.25,"225.19","225.34",TRUE,"231116_AC11_230914unfract_TMTproWTC11shTMTproAS192_1ug_Tomahto_2.raw","6341","tom_tmt_2",608612501,27793
"YVSGSSAER",2,"PB.6209.3|RHBDD2",634.8431,630.3312,68.63,640554688,13501,356.3,13505,4998,6,8,3,36.8,0,0,0,0,0,2.3,0,58.1,0,4.8,0,0,0,0,0,0,5.3,107.29,0.713121046857802,0,"tom_result_1",1.33333333333333,10,"peptides1","Y[+304.2]VSGSSAER",630.331186,"163560864","YVSGSSAER","115.72",115.72,"115.38","116.78",TRUE,"231116_AC11_230914unfract_TMTproWTC11shTMTproAS192_1ug_Tomahto_3.raw","163560864","tom_tmt_3",20459840779,28143
"YVSGSSAER",2,"PB.6209.3|RHBDD2",634.8431,630.3312,67.67,397537376,12542,531.3,12549,4998,7,5,2,19.1,0,0,0,0,0,0,0,40.4,0,2.2,0,0,0,0,0,0,2.8,64.46,0.66460333554479,0,"tom_result_2",0.714285714285714,10,"peptides1","Y[+304.2]VSGSSAER",630.331186,"163560864","YVSGSSAER","115.72",115.72,"115.38","116.78",TRUE,"231116_AC11_230914unfract_TMTproWTC11shTMTproAS192_1ug_Tomahto_3.raw","163560864","tom_tmt_3",20459840779,28143
"YVSGSSAER",2,"PB.6209.3|RHBDD2",634.8431,630.3312,67.04,390634464,12376,802.1,12382,4998,9,6,4,31.8,0,0,0,0,0,0,0,64.2,0,0,0,0,0,0,0,0,8.2,104.26,0.651552091434721,0,"tom_result_3",0.666666666666667,10,"peptides1","Y[+304.2]VSGSSAER",630.331186,"531401","YVSGSSAER","70.92",70.96,"70.84","71.12",TRUE,"231116_AC11_230914unfract_TMTproWTC11shTMTproAS192_1ug_Tomahto_2.raw","537957","tom_tmt_2",18879835129,27793
